[
  {
    "university_name": "Stanford University",
    "location": "Stanford, CA",
    "programs": [
      {
        "name": "Computer Science (MS)",
        "degree": "Master of Science",
        "duration": "2 years",
        "tuition": "$60,000/year",
        "deadlines": {
            "fall": "December 1",
            "spring": "October 1"
        },
        "requirements": {
          "gpa": "3.5+",
          "gre": "Required (Quant: 165+)",
          "toefl": "100+",
          "letters_of_recommendation": 3,
          "statement_of_purpose": "Required",
          "resume": "Required"
        },
        "description": "A top-tier program focusing on AI, Systems, and Theory."
      },
      {
        "name": "MBA",
        "degree": "Master of Business Administration",
        "duration": "2 years",
        "tuition": "$80,000/year",
        "deadlines": {
            "round_1": "September 15",
            "round_2": "January 5"
        },
        "requirements": {
          "gpa": "Strong academic record",
          "gmat": "730+ average",
          "work_experience": "4-5 years average",
          "letters_of_recommendation": 2,
          "essays": "2 required"
        },
        "description": "Develops widely respected leaders who change the world."
      }
    ]
  },
  {
    "university_name": "Massachusetts Institute of Technology (MIT)",
    "location": "Cambridge, MA",
    "programs": [
      {
        "name": "Data Science (MicroMasters)",
        "degree": "Certificate",
        "duration": "1 year",
        "tuition": "$1,500",
        "deadlines": {
            "rolling": "Always open"
        },
        "requirements": {
          "prerequisites": "Calculus, Python programming",
          "degree": "Bachelor's degree recommended"
        },
        "description": "Accelerated path to a Master's degree."
      }
    ]
  },
    {
    "university_name": "University of California, Berkeley",
    "location": "Berkeley, CA",
    "programs": [
      {
        "name": "Electrical Engineering and Computer Sciences (PhD)",
        "degree": "PhD",
        "duration": "5-6 years",
        "tuition": "Fully funded",
        "deadlines": {
            "fall": "December 15"
        },
        "requirements": {
          "gpa": "3.8+",
          "gre": "Optional",
          "research_experience": "Highly significant",
          "letters_of_recommendation": 3
        },
        "description": "World-class research in EECS."
      }
    ]
  }
]
